"PSPath","PSParentPath","PSChildName","PSDrive","PSProvider","PSIsContainer","Mode","BaseName","Target","LinkType","Name","FullName","Parent","Exists","Root","Extension","CreationTime","CreationTimeUtc","LastAccessTime","LastAccessTimeUtc","LastWriteTime","LastWriteTimeUtc","Attributes"
"Microsoft.PowerShell.Core\FileSystem::C:\Users\champuser\CSI-230\Week2","Microsoft.PowerShell.Core\FileSystem::C:\Users\champuser\CSI-230","Week2","C","Microsoft.PowerShell.Core\FileSystem","True","d-----","Week2","System.Collections.Generic.List`1[System.String]",,"Week2","C:\Users\champuser\CSI-230\Week2","CSI-230","True","C:\","","10/18/2023 12:48:01 PM","10/18/2023 4:48:01 PM","10/18/2023 12:48:01 PM","10/18/2023 4:48:01 PM","10/18/2023 12:48:01 PM","10/18/2023 4:48:01 PM","Directory"
"Microsoft.PowerShell.Core\FileSystem::C:\Users\champuser\CSI-230\week4","Microsoft.PowerShell.Core\FileSystem::C:\Users\champuser\CSI-230","week4","C","Microsoft.PowerShell.Core\FileSystem","True","d-----","week4","System.Collections.Generic.List`1[System.String]",,"week4","C:\Users\champuser\CSI-230\week4","CSI-230","True","C:\","","10/18/2023 12:48:01 PM","10/18/2023 4:48:01 PM","10/18/2023 12:48:01 PM","10/18/2023 4:48:01 PM","10/18/2023 12:48:01 PM","10/18/2023 4:48:01 PM","Directory"
"Microsoft.PowerShell.Core\FileSystem::C:\Users\champuser\CSI-230\week5","Microsoft.PowerShell.Core\FileSystem::C:\Users\champuser\CSI-230","week5","C","Microsoft.PowerShell.Core\FileSystem","True","d-----","week5","System.Collections.Generic.List`1[System.String]",,"week5","C:\Users\champuser\CSI-230\week5","CSI-230","True","C:\","","10/18/2023 12:48:01 PM","10/18/2023 4:48:01 PM","10/18/2023 12:48:01 PM","10/18/2023 4:48:01 PM","10/18/2023 12:48:01 PM","10/18/2023 4:48:01 PM","Directory"
"Microsoft.PowerShell.Core\FileSystem::C:\Users\champuser\CSI-230\Week6","Microsoft.PowerShell.Core\FileSystem::C:\Users\champuser\CSI-230","Week6","C","Microsoft.PowerShell.Core\FileSystem","True","d-----","Week6","System.Collections.Generic.List`1[System.String]",,"Week6","C:\Users\champuser\CSI-230\Week6","CSI-230","True","C:\","","10/18/2023 12:48:01 PM","10/18/2023 4:48:01 PM","10/18/2023 12:48:01 PM","10/18/2023 4:48:01 PM","10/18/2023 12:48:01 PM","10/18/2023 4:48:01 PM","Directory"
"Microsoft.PowerShell.Core\FileSystem::C:\Users\champuser\CSI-230\week7","Microsoft.PowerShell.Core\FileSystem::C:\Users\champuser\CSI-230","week7","C","Microsoft.PowerShell.Core\FileSystem","True","d-----","week7","System.Collections.Generic.List`1[System.String]",,"week7","C:\Users\champuser\CSI-230\week7","CSI-230","True","C:\","","10/18/2023 12:48:01 PM","10/18/2023 4:48:01 PM","10/18/2023 12:48:01 PM","10/18/2023 4:48:01 PM","10/18/2023 12:48:01 PM","10/18/2023 4:48:01 PM","Directory"
"Microsoft.PowerShell.Core\FileSystem::C:\Users\champuser\CSI-230\week8","Microsoft.PowerShell.Core\FileSystem::C:\Users\champuser\CSI-230","week8","C","Microsoft.PowerShell.Core\FileSystem","True","d-----","week8","System.Collections.Generic.List`1[System.String]",,"week8","C:\Users\champuser\CSI-230\week8","CSI-230","True","C:\","","10/18/2023 12:51:31 PM","10/18/2023 4:51:31 PM","10/18/2023 2:09:19 PM","10/18/2023 6:09:19 PM","10/18/2023 2:09:19 PM","10/18/2023 6:09:19 PM","Directory"
"Microsoft.PowerShell.Core\FileSystem::C:\Users\champuser\CSI-230\firstfile.txt","Microsoft.PowerShell.Core\FileSystem::C:\Users\champuser\CSI-230","firstfile.txt","C","Microsoft.PowerShell.Core\FileSystem","False","-a----","firstfile","System.Collections.Generic.List`1[System.String]",,"firstfile.txt","C:\Users\champuser\CSI-230\firstfile.txt",,"True",,".txt","10/18/2023 12:48:01 PM","10/18/2023 4:48:01 PM","10/18/2023 12:48:01 PM","10/18/2023 4:48:01 PM","10/18/2023 12:48:01 PM","10/18/2023 4:48:01 PM","Archive"
"Microsoft.PowerShell.Core\FileSystem::C:\Users\champuser\CSI-230\Week2\IPaddr.bash","Microsoft.PowerShell.Core\FileSystem::C:\Users\champuser\CSI-230\Week2","IPaddr.bash","C","Microsoft.PowerShell.Core\FileSystem","False","-a----","IPaddr","System.Collections.Generic.List`1[System.String]",,"IPaddr.bash","C:\Users\champuser\CSI-230\Week2\IPaddr.bash",,"True",,".bash","10/18/2023 12:48:01 PM","10/18/2023 4:48:01 PM","10/18/2023 12:48:01 PM","10/18/2023 4:48:01 PM","10/18/2023 12:48:01 PM","10/18/2023 4:48:01 PM","Archive"
"Microsoft.PowerShell.Core\FileSystem::C:\Users\champuser\CSI-230\Week2\Kaiden-wg0.conf","Microsoft.PowerShell.Core\FileSystem::C:\Users\champuser\CSI-230\Week2","Kaiden-wg0.conf","C","Microsoft.PowerShell.Core\FileSystem","False","-a----","Kaiden-wg0","System.Collections.Generic.List`1[System.String]",,"Kaiden-wg0.conf","C:\Users\champuser\CSI-230\Week2\Kaiden-wg0.conf",,"True",,".conf","10/18/2023 12:48:01 PM","10/18/2023 4:48:01 PM","10/18/2023 12:48:01 PM","10/18/2023 4:48:01 PM","10/18/2023 12:48:01 PM","10/18/2023 4:48:01 PM","Archive"
"Microsoft.PowerShell.Core\FileSystem::C:\Users\champuser\CSI-230\Week2\peer.bash","Microsoft.PowerShell.Core\FileSystem::C:\Users\champuser\CSI-230\Week2","peer.bash","C","Microsoft.PowerShell.Core\FileSystem","False","-a----","peer","System.Collections.Generic.List`1[System.String]",,"peer.bash","C:\Users\champuser\CSI-230\Week2\peer.bash",,"True",,".bash","10/18/2023 12:48:01 PM","10/18/2023 4:48:01 PM","10/18/2023 12:48:01 PM","10/18/2023 4:48:01 PM","10/18/2023 12:48:01 PM","10/18/2023 4:48:01 PM","Archive"
"Microsoft.PowerShell.Core\FileSystem::C:\Users\champuser\CSI-230\Week2\server.bash","Microsoft.PowerShell.Core\FileSystem::C:\Users\champuser\CSI-230\Week2","server.bash","C","Microsoft.PowerShell.Core\FileSystem","False","-a----","server","System.Collections.Generic.List`1[System.String]",,"server.bash","C:\Users\champuser\CSI-230\Week2\server.bash",,"True",,".bash","10/18/2023 12:48:01 PM","10/18/2023 4:48:01 PM","10/18/2023 12:48:01 PM","10/18/2023 4:48:01 PM","10/18/2023 12:48:01 PM","10/18/2023 4:48:01 PM","Archive"
"Microsoft.PowerShell.Core\FileSystem::C:\Users\champuser\CSI-230\Week2\tom-wg0.conf","Microsoft.PowerShell.Core\FileSystem::C:\Users\champuser\CSI-230\Week2","tom-wg0.conf","C","Microsoft.PowerShell.Core\FileSystem","False","-a----","tom-wg0","System.Collections.Generic.List`1[System.String]",,"tom-wg0.conf","C:\Users\champuser\CSI-230\Week2\tom-wg0.conf",,"True",,".conf","10/18/2023 12:48:01 PM","10/18/2023 4:48:01 PM","10/18/2023 12:48:01 PM","10/18/2023 4:48:01 PM","10/18/2023 12:48:01 PM","10/18/2023 4:48:01 PM","Archive"
"Microsoft.PowerShell.Core\FileSystem::C:\Users\champuser\CSI-230\Week2\wg0.conf","Microsoft.PowerShell.Core\FileSystem::C:\Users\champuser\CSI-230\Week2","wg0.conf","C","Microsoft.PowerShell.Core\FileSystem","False","-a----","wg0","System.Collections.Generic.List`1[System.String]",,"wg0.conf","C:\Users\champuser\CSI-230\Week2\wg0.conf",,"True",,".conf","10/18/2023 12:48:01 PM","10/18/2023 4:48:01 PM","10/18/2023 12:48:01 PM","10/18/2023 4:48:01 PM","10/18/2023 12:48:01 PM","10/18/2023 4:48:01 PM","Archive"
"Microsoft.PowerShell.Core\FileSystem::C:\Users\champuser\CSI-230\week4\activehosts.txt","Microsoft.PowerShell.Core\FileSystem::C:\Users\champuser\CSI-230\week4","activehosts.txt","C","Microsoft.PowerShell.Core\FileSystem","False","-a----","activehosts","System.Collections.Generic.List`1[System.String]",,"activehosts.txt","C:\Users\champuser\CSI-230\week4\activehosts.txt",,"True",,".txt","10/18/2023 12:48:01 PM","10/18/2023 4:48:01 PM","10/18/2023 12:48:01 PM","10/18/2023 4:48:01 PM","10/18/2023 12:48:01 PM","10/18/2023 4:48:01 PM","Archive"
"Microsoft.PowerShell.Core\FileSystem::C:\Users\champuser\CSI-230\week4\binaryip.bash","Microsoft.PowerShell.Core\FileSystem::C:\Users\champuser\CSI-230\week4","binaryip.bash","C","Microsoft.PowerShell.Core\FileSystem","False","-a----","binaryip","System.Collections.Generic.List`1[System.String]",,"binaryip.bash","C:\Users\champuser\CSI-230\week4\binaryip.bash",,"True",,".bash","10/18/2023 12:48:01 PM","10/18/2023 4:48:01 PM","10/18/2023 12:48:01 PM","10/18/2023 4:48:01 PM","10/18/2023 12:48:01 PM","10/18/2023 4:48:01 PM","Archive"
"Microsoft.PowerShell.Core\FileSystem::C:\Users\champuser\CSI-230\week4\binarymask.bash","Microsoft.PowerShell.Core\FileSystem::C:\Users\champuser\CSI-230\week4","binarymask.bash","C","Microsoft.PowerShell.Core\FileSystem","False","-a----","binarymask","System.Collections.Generic.List`1[System.String]",,"binarymask.bash","C:\Users\champuser\CSI-230\week4\binarymask.bash",,"True",,".bash","10/18/2023 12:48:01 PM","10/18/2023 4:48:01 PM","10/18/2023 12:48:01 PM","10/18/2023 4:48:01 PM","10/18/2023 12:48:01 PM","10/18/2023 4:48:01 PM","Archive"
"Microsoft.PowerShell.Core\FileSystem::C:\Users\champuser\CSI-230\week4\binarynetwork.bash","Microsoft.PowerShell.Core\FileSystem::C:\Users\champuser\CSI-230\week4","binarynetwork.bash","C","Microsoft.PowerShell.Core\FileSystem","False","-a----","binarynetwork","System.Collections.Generic.List`1[System.String]",,"binarynetwork.bash","C:\Users\champuser\CSI-230\week4\binarynetwork.bash",,"True",,".bash","10/18/2023 12:48:01 PM","10/18/2023 4:48:01 PM","10/18/2023 12:48:01 PM","10/18/2023 4:48:01 PM","10/18/2023 12:48:01 PM","10/18/2023 4:48:01 PM","Archive"
"Microsoft.PowerShell.Core\FileSystem::C:\Users\champuser\CSI-230\week4\convbin2ip.bash","Microsoft.PowerShell.Core\FileSystem::C:\Users\champuser\CSI-230\week4","convbin2ip.bash","C","Microsoft.PowerShell.Core\FileSystem","False","-a----","convbin2ip","System.Collections.Generic.List`1[System.String]",,"convbin2ip.bash","C:\Users\champuser\CSI-230\week4\convbin2ip.bash",,"True",,".bash","10/18/2023 12:48:01 PM","10/18/2023 4:48:01 PM","10/18/2023 12:48:01 PM","10/18/2023 4:48:01 PM","10/18/2023 12:48:01 PM","10/18/2023 4:48:01 PM","Archive"
"Microsoft.PowerShell.Core\FileSystem::C:\Users\champuser\CSI-230\week4\getfullip.bash","Microsoft.PowerShell.Core\FileSystem::C:\Users\champuser\CSI-230\week4","getfullip.bash","C","Microsoft.PowerShell.Core\FileSystem","False","-a----","getfullip","System.Collections.Generic.List`1[System.String]",,"getfullip.bash","C:\Users\champuser\CSI-230\week4\getfullip.bash",,"True",,".bash","10/18/2023 12:48:01 PM","10/18/2023 4:48:01 PM","10/18/2023 12:48:01 PM","10/18/2023 4:48:01 PM","10/18/2023 12:48:01 PM","10/18/2023 4:48:01 PM","Archive"
"Microsoft.PowerShell.Core\FileSystem::C:\Users\champuser\CSI-230\week4\getprefix.bash","Microsoft.PowerShell.Core\FileSystem::C:\Users\champuser\CSI-230\week4","getprefix.bash","C","Microsoft.PowerShell.Core\FileSystem","False","-a----","getprefix","System.Collections.Generic.List`1[System.String]",,"getprefix.bash","C:\Users\champuser\CSI-230\week4\getprefix.bash",,"True",,".bash","10/18/2023 12:48:01 PM","10/18/2023 4:48:01 PM","10/18/2023 12:48:01 PM","10/18/2023 4:48:01 PM","10/18/2023 12:48:01 PM","10/18/2023 4:48:01 PM","Archive"
"Microsoft.PowerShell.Core\FileSystem::C:\Users\champuser\CSI-230\week4\ipcounter.bash","Microsoft.PowerShell.Core\FileSystem::C:\Users\champuser\CSI-230\week4","ipcounter.bash","C","Microsoft.PowerShell.Core\FileSystem","False","-a----","ipcounter","System.Collections.Generic.List`1[System.String]",,"ipcounter.bash","C:\Users\champuser\CSI-230\week4\ipcounter.bash",,"True",,".bash","10/18/2023 12:48:01 PM","10/18/2023 4:48:01 PM","10/18/2023 12:48:01 PM","10/18/2023 4:48:01 PM","10/18/2023 12:48:01 PM","10/18/2023 4:48:01 PM","Archive"
"Microsoft.PowerShell.Core\FileSystem::C:\Users\champuser\CSI-230\week4\ipcounter.txt","Microsoft.PowerShell.Core\FileSystem::C:\Users\champuser\CSI-230\week4","ipcounter.txt","C","Microsoft.PowerShell.Core\FileSystem","False","-a----","ipcounter","System.Collections.Generic.List`1[System.String]",,"ipcounter.txt","C:\Users\champuser\CSI-230\week4\ipcounter.txt",,"True",,".txt","10/18/2023 12:48:01 PM","10/18/2023 4:48:01 PM","10/18/2023 12:48:01 PM","10/18/2023 4:48:01 PM","10/18/2023 12:48:01 PM","10/18/2023 4:48:01 PM","Archive"
"Microsoft.PowerShell.Core\FileSystem::C:\Users\champuser\CSI-230\week4\iptranslate.bash","Microsoft.PowerShell.Core\FileSystem::C:\Users\champuser\CSI-230\week4","iptranslate.bash","C","Microsoft.PowerShell.Core\FileSystem","False","-a----","iptranslate","System.Collections.Generic.List`1[System.String]",,"iptranslate.bash","C:\Users\champuser\CSI-230\week4\iptranslate.bash",,"True",,".bash","10/18/2023 12:48:01 PM","10/18/2023 4:48:01 PM","10/18/2023 12:48:01 PM","10/18/2023 4:48:01 PM","10/18/2023 12:48:01 PM","10/18/2023 4:48:01 PM","Archive"
"Microsoft.PowerShell.Core\FileSystem::C:\Users\champuser\CSI-230\week4\menu.bash","Microsoft.PowerShell.Core\FileSystem::C:\Users\champuser\CSI-230\week4","menu.bash","C","Microsoft.PowerShell.Core\FileSystem","False","-a----","menu","System.Collections.Generic.List`1[System.String]",,"menu.bash","C:\Users\champuser\CSI-230\week4\menu.bash",,"True",,".bash","10/18/2023 12:48:01 PM","10/18/2023 4:48:01 PM","10/18/2023 12:48:01 PM","10/18/2023 4:48:01 PM","10/18/2023 12:48:01 PM","10/18/2023 4:48:01 PM","Archive"
"Microsoft.PowerShell.Core\FileSystem::C:\Users\champuser\CSI-230\week4\myip.bash","Microsoft.PowerShell.Core\FileSystem::C:\Users\champuser\CSI-230\week4","myip.bash","C","Microsoft.PowerShell.Core\FileSystem","False","-a----","myip","System.Collections.Generic.List`1[System.String]",,"myip.bash","C:\Users\champuser\CSI-230\week4\myip.bash",,"True",,".bash","10/18/2023 12:48:01 PM","10/18/2023 4:48:01 PM","10/18/2023 12:48:01 PM","10/18/2023 4:48:01 PM","10/18/2023 12:48:01 PM","10/18/2023 4:48:01 PM","Archive"
"Microsoft.PowerShell.Core\FileSystem::C:\Users\champuser\CSI-230\week4\pingips.bash","Microsoft.PowerShell.Core\FileSystem::C:\Users\champuser\CSI-230\week4","pingips.bash","C","Microsoft.PowerShell.Core\FileSystem","False","-a----","pingips","System.Collections.Generic.List`1[System.String]",,"pingips.bash","C:\Users\champuser\CSI-230\week4\pingips.bash",,"True",,".bash","10/18/2023 12:48:01 PM","10/18/2023 4:48:01 PM","10/18/2023 12:48:01 PM","10/18/2023 4:48:01 PM","10/18/2023 12:48:01 PM","10/18/2023 4:48:01 PM","Archive"
"Microsoft.PowerShell.Core\FileSystem::C:\Users\champuser\CSI-230\week4\possibleips.txt","Microsoft.PowerShell.Core\FileSystem::C:\Users\champuser\CSI-230\week4","possibleips.txt","C","Microsoft.PowerShell.Core\FileSystem","False","-a----","possibleips","System.Collections.Generic.List`1[System.String]",,"possibleips.txt","C:\Users\champuser\CSI-230\week4\possibleips.txt",,"True",,".txt","10/18/2023 12:48:01 PM","10/18/2023 4:48:01 PM","10/18/2023 12:48:01 PM","10/18/2023 4:48:01 PM","10/18/2023 12:48:01 PM","10/18/2023 4:48:01 PM","Archive"
"Microsoft.PowerShell.Core\FileSystem::C:\Users\champuser\CSI-230\week5\activehosts.txt","Microsoft.PowerShell.Core\FileSystem::C:\Users\champuser\CSI-230\week5","activehosts.txt","C","Microsoft.PowerShell.Core\FileSystem","False","-a----","activehosts","System.Collections.Generic.List`1[System.String]",,"activehosts.txt","C:\Users\champuser\CSI-230\week5\activehosts.txt",,"True",,".txt","10/18/2023 12:48:01 PM","10/18/2023 4:48:01 PM","10/18/2023 12:48:01 PM","10/18/2023 4:48:01 PM","10/18/2023 12:48:01 PM","10/18/2023 4:48:01 PM","Archive"
"Microsoft.PowerShell.Core\FileSystem::C:\Users\champuser\CSI-230\week5\iptranslate.bash","Microsoft.PowerShell.Core\FileSystem::C:\Users\champuser\CSI-230\week5","iptranslate.bash","C","Microsoft.PowerShell.Core\FileSystem","False","-a----","iptranslate","System.Collections.Generic.List`1[System.String]",,"iptranslate.bash","C:\Users\champuser\CSI-230\week5\iptranslate.bash",,"True",,".bash","10/18/2023 12:48:01 PM","10/18/2023 4:48:01 PM","10/18/2023 12:48:01 PM","10/18/2023 4:48:01 PM","10/18/2023 12:48:01 PM","10/18/2023 4:48:01 PM","Archive"
"Microsoft.PowerShell.Core\FileSystem::C:\Users\champuser\CSI-230\week5\pingips.bash","Microsoft.PowerShell.Core\FileSystem::C:\Users\champuser\CSI-230\week5","pingips.bash","C","Microsoft.PowerShell.Core\FileSystem","False","-a----","pingips","System.Collections.Generic.List`1[System.String]",,"pingips.bash","C:\Users\champuser\CSI-230\week5\pingips.bash",,"True",,".bash","10/18/2023 12:48:01 PM","10/18/2023 4:48:01 PM","10/18/2023 12:48:01 PM","10/18/2023 4:48:01 PM","10/18/2023 12:48:01 PM","10/18/2023 4:48:01 PM","Archive"
"Microsoft.PowerShell.Core\FileSystem::C:\Users\champuser\CSI-230\week5\possibleips.txt","Microsoft.PowerShell.Core\FileSystem::C:\Users\champuser\CSI-230\week5","possibleips.txt","C","Microsoft.PowerShell.Core\FileSystem","False","-a----","possibleips","System.Collections.Generic.List`1[System.String]",,"possibleips.txt","C:\Users\champuser\CSI-230\week5\possibleips.txt",,"True",,".txt","10/18/2023 12:48:01 PM","10/18/2023 4:48:01 PM","10/18/2023 12:48:01 PM","10/18/2023 4:48:01 PM","10/18/2023 12:48:01 PM","10/18/2023 4:48:01 PM","Archive"
"Microsoft.PowerShell.Core\FileSystem::C:\Users\champuser\CSI-230\Week6\access.txt","Microsoft.PowerShell.Core\FileSystem::C:\Users\champuser\CSI-230\Week6","access.txt","C","Microsoft.PowerShell.Core\FileSystem","False","-a----","access","System.Collections.Generic.List`1[System.String]",,"access.txt","C:\Users\champuser\CSI-230\Week6\access.txt",,"True",,".txt","10/18/2023 12:48:01 PM","10/18/2023 4:48:01 PM","10/18/2023 12:48:01 PM","10/18/2023 4:48:01 PM","10/18/2023 12:48:01 PM","10/18/2023 4:48:01 PM","Archive"
"Microsoft.PowerShell.Core\FileSystem::C:\Users\champuser\CSI-230\Week6\accessreport.bash","Microsoft.PowerShell.Core\FileSystem::C:\Users\champuser\CSI-230\Week6","accessreport.bash","C","Microsoft.PowerShell.Core\FileSystem","False","-a----","accessreport","System.Collections.Generic.List`1[System.String]",,"accessreport.bash","C:\Users\champuser\CSI-230\Week6\accessreport.bash",,"True",,".bash","10/18/2023 12:48:01 PM","10/18/2023 4:48:01 PM","10/18/2023 12:48:01 PM","10/18/2023 4:48:01 PM","10/18/2023 12:48:01 PM","10/18/2023 4:48:01 PM","Archive"
"Microsoft.PowerShell.Core\FileSystem::C:\Users\champuser\CSI-230\Week6\accounts.bash","Microsoft.PowerShell.Core\FileSystem::C:\Users\champuser\CSI-230\Week6","accounts.bash","C","Microsoft.PowerShell.Core\FileSystem","False","-a----","accounts","System.Collections.Generic.List`1[System.String]",,"accounts.bash","C:\Users\champuser\CSI-230\Week6\accounts.bash",,"True",,".bash","10/18/2023 12:48:01 PM","10/18/2023 4:48:01 PM","10/18/2023 12:48:01 PM","10/18/2023 4:48:01 PM","10/18/2023 12:48:01 PM","10/18/2023 4:48:01 PM","Archive"
"Microsoft.PowerShell.Core\FileSystem::C:\Users\champuser\CSI-230\Week6\activehosts.txt","Microsoft.PowerShell.Core\FileSystem::C:\Users\champuser\CSI-230\Week6","activehosts.txt","C","Microsoft.PowerShell.Core\FileSystem","False","-a----","activehosts","System.Collections.Generic.List`1[System.String]",,"activehosts.txt","C:\Users\champuser\CSI-230\Week6\activehosts.txt",,"True",,".txt","10/18/2023 12:48:01 PM","10/18/2023 4:48:01 PM","10/18/2023 12:48:01 PM","10/18/2023 4:48:01 PM","10/18/2023 12:48:01 PM","10/18/2023 4:48:01 PM","Archive"
"Microsoft.PowerShell.Core\FileSystem::C:\Users\champuser\CSI-230\Week6\badClients.txt","Microsoft.PowerShell.Core\FileSystem::C:\Users\champuser\CSI-230\Week6","badClients.txt","C","Microsoft.PowerShell.Core\FileSystem","False","-a----","badClients","System.Collections.Generic.List`1[System.String]",,"badClients.txt","C:\Users\champuser\CSI-230\Week6\badClients.txt",,"True",,".txt","10/18/2023 12:48:01 PM","10/18/2023 4:48:01 PM","10/18/2023 12:48:01 PM","10/18/2023 4:48:01 PM","10/18/2023 12:48:01 PM","10/18/2023 4:48:01 PM","Archive"
"Microsoft.PowerShell.Core\FileSystem::C:\Users\champuser\CSI-230\Week6\clientIPs.txt","Microsoft.PowerShell.Core\FileSystem::C:\Users\champuser\CSI-230\Week6","clientIPs.txt","C","Microsoft.PowerShell.Core\FileSystem","False","-a----","clientIPs","System.Collections.Generic.List`1[System.String]",,"clientIPs.txt","C:\Users\champuser\CSI-230\Week6\clientIPs.txt",,"True",,".txt","10/18/2023 12:48:01 PM","10/18/2023 4:48:01 PM","10/18/2023 12:48:01 PM","10/18/2023 4:48:01 PM","10/18/2023 12:48:01 PM","10/18/2023 4:48:01 PM","Archive"
"Microsoft.PowerShell.Core\FileSystem::C:\Users\champuser\CSI-230\Week6\detectserver.bash","Microsoft.PowerShell.Core\FileSystem::C:\Users\champuser\CSI-230\Week6","detectserver.bash","C","Microsoft.PowerShell.Core\FileSystem","False","-a----","detectserver","System.Collections.Generic.List`1[System.String]",,"detectserver.bash","C:\Users\champuser\CSI-230\Week6\detectserver.bash",,"True",,".bash","10/18/2023 12:48:01 PM","10/18/2023 4:48:01 PM","10/18/2023 12:48:01 PM","10/18/2023 4:48:01 PM","10/18/2023 12:48:01 PM","10/18/2023 4:48:01 PM","Archive"
"Microsoft.PowerShell.Core\FileSystem::C:\Users\champuser\CSI-230\Week6\logmenu.bash","Microsoft.PowerShell.Core\FileSystem::C:\Users\champuser\CSI-230\Week6","logmenu.bash","C","Microsoft.PowerShell.Core\FileSystem","False","-a----","logmenu","System.Collections.Generic.List`1[System.String]",,"logmenu.bash","C:\Users\champuser\CSI-230\Week6\logmenu.bash",,"True",,".bash","10/18/2023 12:48:01 PM","10/18/2023 4:48:01 PM","10/18/2023 12:48:01 PM","10/18/2023 4:48:01 PM","10/18/2023 12:48:01 PM","10/18/2023 4:48:01 PM","Archive"
"Microsoft.PowerShell.Core\FileSystem::C:\Users\champuser\CSI-230\Week6\logmenu.bash.save","Microsoft.PowerShell.Core\FileSystem::C:\Users\champuser\CSI-230\Week6","logmenu.bash.save","C","Microsoft.PowerShell.Core\FileSystem","False","-a----","logmenu.bash","System.Collections.Generic.List`1[System.String]",,"logmenu.bash.save","C:\Users\champuser\CSI-230\Week6\logmenu.bash.save",,"True",,".save","10/18/2023 12:48:01 PM","10/18/2023 4:48:01 PM","10/18/2023 12:48:01 PM","10/18/2023 4:48:01 PM","10/18/2023 12:48:01 PM","10/18/2023 4:48:01 PM","Archive"
"Microsoft.PowerShell.Core\FileSystem::C:\Users\champuser\CSI-230\Week6\most_100.txt","Microsoft.PowerShell.Core\FileSystem::C:\Users\champuser\CSI-230\Week6","most_100.txt","C","Microsoft.PowerShell.Core\FileSystem","False","-a----","most_100","System.Collections.Generic.List`1[System.String]",,"most_100.txt","C:\Users\champuser\CSI-230\Week6\most_100.txt",,"True",,".txt","10/18/2023 12:48:01 PM","10/18/2023 4:48:01 PM","10/18/2023 12:48:01 PM","10/18/2023 4:48:01 PM","10/18/2023 12:48:01 PM","10/18/2023 4:48:01 PM","Archive"
"Microsoft.PowerShell.Core\FileSystem::C:\Users\champuser\CSI-230\Week6\mypage.html","Microsoft.PowerShell.Core\FileSystem::C:\Users\champuser\CSI-230\Week6","mypage.html","C","Microsoft.PowerShell.Core\FileSystem","False","-a----","mypage","System.Collections.Generic.List`1[System.String]",,"mypage.html","C:\Users\champuser\CSI-230\Week6\mypage.html",,"True",,".html","10/18/2023 12:48:01 PM","10/18/2023 4:48:01 PM","10/18/2023 12:48:01 PM","10/18/2023 4:48:01 PM","10/18/2023 12:48:01 PM","10/18/2023 4:48:01 PM","Archive"
"Microsoft.PowerShell.Core\FileSystem::C:\Users\champuser\CSI-230\Week6\passwords.txt","Microsoft.PowerShell.Core\FileSystem::C:\Users\champuser\CSI-230\Week6","passwords.txt","C","Microsoft.PowerShell.Core\FileSystem","False","-a----","passwords","System.Collections.Generic.List`1[System.String]",,"passwords.txt","C:\Users\champuser\CSI-230\Week6\passwords.txt",,"True",,".txt","10/18/2023 12:48:01 PM","10/18/2023 4:48:01 PM","10/18/2023 12:48:01 PM","10/18/2023 4:48:01 PM","10/18/2023 12:48:01 PM","10/18/2023 4:48:01 PM","Archive"
"Microsoft.PowerShell.Core\FileSystem::C:\Users\champuser\CSI-230\Week6\testpass.bash","Microsoft.PowerShell.Core\FileSystem::C:\Users\champuser\CSI-230\Week6","testpass.bash","C","Microsoft.PowerShell.Core\FileSystem","False","-a----","testpass","System.Collections.Generic.List`1[System.String]",,"testpass.bash","C:\Users\champuser\CSI-230\Week6\testpass.bash",,"True",,".bash","10/18/2023 12:48:01 PM","10/18/2023 4:48:01 PM","10/18/2023 12:48:01 PM","10/18/2023 4:48:01 PM","10/18/2023 12:48:01 PM","10/18/2023 4:48:01 PM","Archive"
"Microsoft.PowerShell.Core\FileSystem::C:\Users\champuser\CSI-230\Week6\webservers.txt","Microsoft.PowerShell.Core\FileSystem::C:\Users\champuser\CSI-230\Week6","webservers.txt","C","Microsoft.PowerShell.Core\FileSystem","False","-a----","webservers","System.Collections.Generic.List`1[System.String]",,"webservers.txt","C:\Users\champuser\CSI-230\Week6\webservers.txt",,"True",,".txt","10/18/2023 12:48:01 PM","10/18/2023 4:48:01 PM","10/18/2023 12:48:01 PM","10/18/2023 4:48:01 PM","10/18/2023 12:48:01 PM","10/18/2023 4:48:01 PM","Archive"
"Microsoft.PowerShell.Core\FileSystem::C:\Users\champuser\CSI-230\week7\.accounts.bash.swp","Microsoft.PowerShell.Core\FileSystem::C:\Users\champuser\CSI-230\week7",".accounts.bash.swp","C","Microsoft.PowerShell.Core\FileSystem","False","-a----",".accounts.bash","System.Collections.Generic.List`1[System.String]",,".accounts.bash.swp","C:\Users\champuser\CSI-230\week7\.accounts.bash.swp",,"True",,".swp","10/18/2023 12:48:01 PM","10/18/2023 4:48:01 PM","10/18/2023 12:48:01 PM","10/18/2023 4:48:01 PM","10/18/2023 12:48:01 PM","10/18/2023 4:48:01 PM","Archive"
"Microsoft.PowerShell.Core\FileSystem::C:\Users\champuser\CSI-230\week7\accounts.bash","Microsoft.PowerShell.Core\FileSystem::C:\Users\champuser\CSI-230\week7","accounts.bash","C","Microsoft.PowerShell.Core\FileSystem","False","-a----","accounts","System.Collections.Generic.List`1[System.String]",,"accounts.bash","C:\Users\champuser\CSI-230\week7\accounts.bash",,"True",,".bash","10/18/2023 12:48:01 PM","10/18/2023 4:48:01 PM","10/18/2023 12:48:01 PM","10/18/2023 4:48:01 PM","10/18/2023 12:48:01 PM","10/18/2023 4:48:01 PM","Archive"
"Microsoft.PowerShell.Core\FileSystem::C:\Users\champuser\CSI-230\week7\usr.txt","Microsoft.PowerShell.Core\FileSystem::C:\Users\champuser\CSI-230\week7","usr.txt","C","Microsoft.PowerShell.Core\FileSystem","False","-a----","usr","System.Collections.Generic.List`1[System.String]",,"usr.txt","C:\Users\champuser\CSI-230\week7\usr.txt",,"True",,".txt","10/18/2023 12:48:01 PM","10/18/2023 4:48:01 PM","10/18/2023 12:48:01 PM","10/18/2023 4:48:01 PM","10/18/2023 12:48:01 PM","10/18/2023 4:48:01 PM","Archive"
"Microsoft.PowerShell.Core\FileSystem::C:\Users\champuser\CSI-230\week8\file.ps1","Microsoft.PowerShell.Core\FileSystem::C:\Users\champuser\CSI-230\week8","file.ps1","C","Microsoft.PowerShell.Core\FileSystem","False","-a----","file","System.Collections.Generic.List`1[System.String]",,"file.ps1","C:\Users\champuser\CSI-230\week8\file.ps1",,"True",,".ps1","10/18/2023 12:52:02 PM","10/18/2023 4:52:02 PM","10/18/2023 1:08:29 PM","10/18/2023 5:08:29 PM","10/18/2023 1:08:29 PM","10/18/2023 5:08:29 PM","Archive"
"Microsoft.PowerShell.Core\FileSystem::C:\Users\champuser\CSI-230\week8\firstlog.ps1","Microsoft.PowerShell.Core\FileSystem::C:\Users\champuser\CSI-230\week8","firstlog.ps1","C","Microsoft.PowerShell.Core\FileSystem","False","-a----","firstlog","System.Collections.Generic.List`1[System.String]",,"firstlog.ps1","C:\Users\champuser\CSI-230\week8\firstlog.ps1",,"True",,".ps1","10/18/2023 1:15:29 PM","10/18/2023 5:15:29 PM","10/18/2023 1:57:09 PM","10/18/2023 5:57:09 PM","10/18/2023 1:57:09 PM","10/18/2023 5:57:09 PM","Archive"
"Microsoft.PowerShell.Core\FileSystem::C:\Users\champuser\CSI-230\week8\rep.csv","Microsoft.PowerShell.Core\FileSystem::C:\Users\champuser\CSI-230\week8","rep.csv","C","Microsoft.PowerShell.Core\FileSystem","False","-a----","rep","System.Collections.Generic.List`1[System.String]",,"rep.csv","C:\Users\champuser\CSI-230\week8\rep.csv",,"True",,".csv","10/18/2023 1:57:17 PM","10/18/2023 5:57:17 PM","10/18/2023 1:57:17 PM","10/18/2023 5:57:17 PM","10/18/2023 1:57:17 PM","10/18/2023 5:57:17 PM","Archive"
